user_id,transaction_day,transaction_id,merchant_id,amount,currency,transaction_type,risk_score,merchant_category,timestamp,payment_method_type,metadata
5823a5d8-53d8-4868-8d86-fe3957dda649,2023-12-28,e4b3880d-26c9-4ff0-995f-8bafb451a0f6,22486937-829d-4075-a059-dfb58edd19ee,21978572.19,USD,refund,26,Restaurant,2024-10-12T11:05:59.545949,bank_transfer,"{""device_id"": ""367189f1-dcfb-4acf-93c3-44fc650c129e"", ""ip_address"": ""42.76.186.44"", ""geo_location"": {""lat"": -57.301856, ""lng"": 117.389856}}"
311e84f5-d59f-47bb-9fda-46ee0a4b38cf,1992-07-09,0989816c-84d8-4579-8264-d6a503759ec5,ba5b48be-f9e3-4d73-969e-f184fd46af0e,97984966.11,USD,refund,22,Restaurant,2025-02-07T11:19:34.235837,paypal,"{""device_id"": ""b860b290-b2be-47ce-a3e6-3a4cf76f2f73"", ""ip_address"": ""67.4.95.119"", ""geo_location"": {""lat"": -81.9391875, ""lng"": -42.537116}}"
7e1fa623-a68f-4ece-8cce-04c15be45276,1990-01-22,ad5b1314-83ec-4126-ba89-b43e4468a1f5,8e50cd92-c03e-4d1d-a937-9a6f81c4ee95,92998392.62,USD,withdrawal,86,Entertainment,2024-04-17T04:00:54.127841,debit_card,"{""device_id"": ""baf7f93a-5244-4999-a109-369e825a41db"", ""ip_address"": ""42.192.183.120"", ""geo_location"": {""lat"": -73.4280255, ""lng"": 37.236202}}"
4e7beef6-9b8c-4747-a712-62f56b9eb8cb,2015-02-06,4cb400a9-ebba-42dc-8282-425d155eab02,0260bb6f-86fb-4ead-baf7-b5ff007204c9,64100258.38,USD,refund,79,Travel,2024-05-13T15:57:14.349083,paypal,"{""device_id"": ""36790eed-7dc4-46ae-94ad-c6e4c141e604"", ""ip_address"": ""185.219.155.80"", ""geo_location"": {""lat"": -5.661581, ""lng"": -37.044273}}"
d899e7ec-6a88-440b-848e-84d7c80a2fd3,2024-09-10,c569a0a5-e7b0-4800-8a87-9030157565b2,7f8ca972-23f1-4944-a209-5142d9c542b2,60015632.5,USD,withdrawal,44,Grocery,2024-06-14T05:56:08.434008,debit_card,"{""device_id"": ""8ebe033b-585b-470b-a2f1-4e41a12d9dbf"", ""ip_address"": ""114.78.185.17"", ""geo_location"": {""lat"": 12.514976, ""lng"": 131.04409}}"
f305ceac-b0b4-4a32-b365-ae125803b387,1974-02-04,0ba294f1-ad49-4f85-ad85-de3d99b3076f,f19d6ae3-21cb-49ae-9461-099552bc6112,5660212.26,USD,refund,23,Electronics,2024-10-25T08:27:59.797650,credit_card,"{""device_id"": ""e640480e-7916-488b-85ca-10203669eb11"", ""ip_address"": ""17.27.10.191"", ""geo_location"": {""lat"": 72.3274935, ""lng"": -27.188627}}"
0c8162d0-5377-4c70-ab7f-bb1c37ebac74,1980-06-09,3e125863-b2eb-4efc-962d-e8f47a6e1e07,c18e86be-67cb-48c4-b021-fb1796f19777,14394589.05,USD,withdrawal,89,Grocery,2024-12-22T18:32:19.696012,paypal,"{""device_id"": ""619af000-2087-4b55-8775-5e180a7f7466"", ""ip_address"": ""36.70.231.136"", ""geo_location"": {""lat"": -37.006062, ""lng"": 26.837803}}"
84f49252-0db1-4fa2-8f7c-450e1997c627,1972-03-19,6b715d39-1f79-4db0-a6b0-473bedf2c8fc,593aa172-de80-4977-b2b7-bce8226230a8,27698625.44,USD,purchase,82,Restaurant,2024-07-21T12:16:46.098692,bank_transfer,"{""device_id"": ""87ef7cbb-f523-4326-b0bf-6753144c4956"", ""ip_address"": ""71.173.125.75"", ""geo_location"": {""lat"": -9.598402, ""lng"": -45.009558}}"
da7db7d3-de61-4399-b44a-47efb6ce4924,1985-10-07,ca6d9d7c-596b-4920-9518-3d9aae227727,d0fc087a-df05-4ccf-b824-d1e1c6eb3a2d,34270819.65,USD,withdrawal,11,Entertainment,2025-02-17T20:00:59.417706,debit_card,"{""device_id"": ""dd0067e2-6a64-4e5c-8c9a-0051a71b9bc9"", ""ip_address"": ""163.90.122.81"", ""geo_location"": {""lat"": 27.676457, ""lng"": -45.337366}}"
596c42cc-5e1a-41d2-af0a-49b81b2f5d93,1989-11-02,e20075ab-b0a8-4ab0-a465-62f273ce57be,36e1dfac-190b-406d-ab65-ca5be97ef803,3785875.48,USD,deposit,76,Grocery,2024-10-12T00:47:34.095528,paypal,"{""device_id"": ""f906c8df-cece-4071-a92c-f7e122b6fb41"", ""ip_address"": ""209.209.214.111"", ""geo_location"": {""lat"": 37.8063935, ""lng"": -171.012159}}"
afb68818-9618-44d7-8f56-c13aaee94160,2024-09-16,832b596a-8652-4a1c-bcc5-7667211dfec7,fcd922ea-4993-4972-9212-c1e1699e4abc,18338908.5,USD,purchase,9,Entertainment,2024-12-15T08:49:42.546475,credit_card,"{""device_id"": ""9e065aa1-cdbf-4a4f-bdcd-ca11f4b8ad23"", ""ip_address"": ""147.35.113.154"", ""geo_location"": {""lat"": 8.2942215, ""lng"": -114.209486}}"
fc9a4008-4a05-48d0-9946-e4c5af93b8e0,1993-02-01,798a5f39-4d91-47c9-b536-b26aa63dac47,a0763fd5-8612-4acb-aacf-9ff67e3179a2,62056117.68,USD,deposit,7,Restaurant,2025-01-10T20:33:15.535489,debit_card,"{""device_id"": ""f288f066-aed0-4f4c-a26e-70967122d181"", ""ip_address"": ""215.213.144.200"", ""geo_location"": {""lat"": -25.5138235, ""lng"": -52.641872}}"
7539c631-4cf7-4a07-b22e-abfc6a14f0f7,2015-02-19,1c12d4bc-dbd7-482d-8104-00ea5da7c378,21f86b72-362e-4f18-97f5-e798e76029b0,49114503.69,USD,withdrawal,53,Electronics,2024-11-16T17:00:09.309997,bank_transfer,"{""device_id"": ""5936f3a3-36b1-49d3-84e9-af4379fc6272"", ""ip_address"": ""15.22.111.78"", ""geo_location"": {""lat"": 0.64447, ""lng"": 3.354529}}"
bc1591f1-ccdb-4bec-ab8d-d350b1461293,2000-07-05,58f5723d-c962-428f-8cf8-19cbc280c23e,ad78386b-a8d5-4d95-896b-399bd985c321,55267456.19,USD,withdrawal,44,Restaurant,2024-09-15T22:35:09.067139,credit_card,"{""device_id"": ""8055f45a-13bc-4e38-8873-629227c3a48d"", ""ip_address"": ""201.115.203.8"", ""geo_location"": {""lat"": -60.7936765, ""lng"": 112.077358}}"
57ba9b0e-196e-4240-bd35-e6ff2e3e9c4c,1972-02-20,556220dd-8b37-4208-b5d4-05fb8dc7b185,2247a919-7e95-4a9a-870c-ce24dc8a89fe,8573695.28,USD,refund,26,Travel,2024-04-15T02:34:25.087839,bank_transfer,"{""device_id"": ""a47a758e-d926-4981-8975-79d84df00094"", ""ip_address"": ""164.133.44.106"", ""geo_location"": {""lat"": 73.7950325, ""lng"": -35.614151}}"
5fdd42ea-afce-406f-a53f-d6e54faefdab,1984-05-18,61cdf581-0a34-45f7-9e00-d4d274638d50,7b4b6cff-0dce-4c0a-b0e2-3afb687641f6,56129055.42,USD,refund,53,Entertainment,2024-12-21T04:02:46.972979,debit_card,"{""device_id"": ""71921e67-4aac-4b39-9934-b9a5ec3d1d1c"", ""ip_address"": ""61.159.251.98"", ""geo_location"": {""lat"": 84.2103065, ""lng"": 11.970142}}"
0cc67b0d-5875-49ca-814c-88b07beeff88,2003-01-26,00156adc-e68b-415a-ad66-3c1d8934cde9,7bc862e1-a55d-49f2-849d-d1bff8959107,18559716.82,USD,deposit,84,Automotive,2025-01-23T03:45:57.035350,debit_card,"{""device_id"": ""a18f8183-1689-402e-a857-aef93625af0e"", ""ip_address"": ""37.215.209.240"", ""geo_location"": {""lat"": -7.9497995, ""lng"": 150.079099}}"
fff17b55-218b-4e46-9530-f19793eecf35,1998-10-30,284f7357-d07f-404b-bfef-9eb675526914,3d09951d-6d8c-423c-9394-fe5a1075bd3d,16566696.72,USD,withdrawal,14,Entertainment,2025-03-03T13:11:36.598759,debit_card,"{""device_id"": ""4f6237f9-9c63-4f1b-b4b0-fe976ec6f2e4"", ""ip_address"": ""60.74.14.25"", ""geo_location"": {""lat"": 74.296828, ""lng"": 111.476532}}"
3cf3d077-1ac4-4226-90dc-121396b2a26e,1978-12-30,66afbd0f-ba33-4745-ac28-43e5e07a5a36,8d90ddf8-041f-40e1-a599-47b396d9d393,87749069.84,USD,deposit,88,Clothing,2024-06-03T22:08:28.084445,debit_card,"{""device_id"": ""1c1a7f34-e28a-4419-abf4-b576b56c024d"", ""ip_address"": ""7.81.77.102"", ""geo_location"": {""lat"": 36.627413, ""lng"": -47.200007}}"
a4ccb7e0-8cba-466c-98ce-f122683db522,1985-12-08,661dc3ec-8425-4cc6-9fc1-d504acdbaf1c,2b7d715b-4dee-4659-b89f-373cb6f3101c,49706442.16,USD,deposit,86,Entertainment,2025-02-13T14:38:53.046300,paypal,"{""device_id"": ""8f82242b-797f-409d-9929-d0d5c9b35833"", ""ip_address"": ""153.253.166.161"", ""geo_location"": {""lat"": 60.133837, ""lng"": 82.525195}}"
978c987d-e1ee-4dd4-908a-55dd8bdf7770,2004-04-22,b013689e-310e-4a1a-9b66-37cb7d05d1b1,1c8c375f-4694-46d9-bf16-bec4401c5dcc,77530263.67,USD,withdrawal,72,Electronics,2024-12-30T09:11:28.422794,paypal,"{""device_id"": ""b70ddcda-b40a-4629-baeb-812e44edb8ee"", ""ip_address"": ""90.247.199.237"", ""geo_location"": {""lat"": -44.4630655, ""lng"": -30.495607}}"
5ce164c5-77ca-42a6-ab0d-868aa371a8e5,2012-04-06,7c8be772-57e7-406a-a403-70840522c3aa,696a2ae7-a142-42f5-ac3e-a4a4a5e47767,43827981.07,USD,refund,0,Electronics,2024-12-22T00:45:21.467381,debit_card,"{""device_id"": ""014fb6bb-0557-4b1c-9dd9-1adb8655700b"", ""ip_address"": ""218.167.246.75"", ""geo_location"": {""lat"": -45.337674, ""lng"": 165.029901}}"
554600a0-52e2-4817-adbf-e5c028d48465,2015-07-28,c0135fd7-7550-4013-9d7f-77063243d095,7ac90355-5287-4a48-a9c1-eb4dbcb9ff73,63288822.48,USD,deposit,13,Restaurant,2025-01-11T07:36:14.503351,bank_transfer,"{""device_id"": ""05fd2811-3b05-483b-8dc4-db6af494f999"", ""ip_address"": ""163.14.140.67"", ""geo_location"": {""lat"": 50.500858, ""lng"": 154.409563}}"
d53c8590-6a1e-4993-b844-1c3fd2e0f4e8,2004-04-02,9f2f1371-6213-4ca6-9363-353f4b4b04eb,119e1c59-f999-451c-95cf-aa2a2458e47b,68337870.0,USD,withdrawal,53,Travel,2024-06-02T13:51:09.198788,debit_card,"{""device_id"": ""f2d0ec81-d58c-4fda-800d-d9e747222655"", ""ip_address"": ""216.40.140.157"", ""geo_location"": {""lat"": 20.9534, ""lng"": 147.158738}}"
87b57395-9b9e-4f9f-bd01-10547ab954eb,2024-07-14,3ee5f678-299e-41af-9d95-557382edaa34,97da0f2d-4eae-408c-b25b-b5a8791a62cc,16087650.32,USD,purchase,63,Entertainment,2024-08-15T21:32:16.241853,debit_card,"{""device_id"": ""af6a956a-8229-45bb-b6c6-650b6e9a6a0e"", ""ip_address"": ""56.167.147.206"", ""geo_location"": {""lat"": -8.5932855, ""lng"": 67.672758}}"
a5d2443d-506d-4ddc-8c3b-803dbf2ff3aa,2015-12-25,cdb0a9bf-a34f-4510-b0c9-18644997d726,8433572e-76be-475f-b2d9-7d98f698ced5,7343993.64,USD,purchase,19,Grocery,2025-02-16T22:32:35.158811,paypal,"{""device_id"": ""14c7270c-fe97-4fb1-8aa9-0d71280ff464"", ""ip_address"": ""23.32.121.84"", ""geo_location"": {""lat"": -5.4830735, ""lng"": -28.976642}}"
73cedf58-5472-4bb0-a7ab-8d038fb5cf28,2019-10-27,6ef2b2de-e316-404f-819f-84bb44cc4b89,28f6a5ef-cf22-430c-8a54-d813685e1581,55360482.81,USD,purchase,80,Travel,2024-09-26T16:46:38.177113,paypal,"{""device_id"": ""5d87ab3c-04e9-4b9a-aa61-dbb43cedde09"", ""ip_address"": ""193.56.247.101"", ""geo_location"": {""lat"": 24.583281, ""lng"": -10.757459}}"
feb9c611-1b84-43a4-b504-4c02c86380e2,1989-11-20,d11e90bd-df19-4d00-91e5-1052a7d3caf1,458d1ec3-d557-4c77-9866-e5b96baa63bc,78207462.04,USD,purchase,46,Travel,2025-01-25T23:30:30.582937,debit_card,"{""device_id"": ""d19d4a77-1db2-451a-a486-96883245659e"", ""ip_address"": ""217.162.47.241"", ""geo_location"": {""lat"": -48.397219, ""lng"": -24.512116}}"
b8d667a8-0c64-4d36-8495-c5809c08463a,2007-10-16,e4487f40-2689-4691-8122-1c17b1e42b14,d8e5a601-6b45-4661-ac48-100cd1dc1786,9607641.55,USD,refund,83,Clothing,2024-08-20T12:35:48.611594,debit_card,"{""device_id"": ""37fc7a9e-ae12-471b-a8e2-7968cb76b6e5"", ""ip_address"": ""115.2.190.4"", ""geo_location"": {""lat"": -37.171603, ""lng"": 161.505986}}"
bc38ba7d-575c-4ad3-a8a8-28f2bf188ab1,1999-07-30,26f5986d-c5dd-4276-9759-5992b755a65e,64adb883-4106-4fa2-af59-b7f15a43fbcc,13606255.03,USD,purchase,22,Restaurant,2024-12-31T04:41:13.791691,paypal,"{""device_id"": ""4f449e9f-f0c4-4c05-9f06-0a3d34dea519"", ""ip_address"": ""195.168.156.178"", ""geo_location"": {""lat"": -16.3664575, ""lng"": -51.733648}}"
58dd406a-ee19-4f9c-a18e-1df71602a655,1994-02-18,759ffeff-dc9d-415e-8197-e0b6e07d09b4,d0bb9a9c-cf81-42f1-8164-aad9b9b17857,87620971.9,USD,withdrawal,73,Grocery,2024-05-31T20:17:58.125797,paypal,"{""device_id"": ""e01111ae-e647-40fa-962e-4a6ea2772b4d"", ""ip_address"": ""45.121.55.194"", ""geo_location"": {""lat"": -84.574038, ""lng"": 38.498746}}"
1b843405-a6de-4d58-80c9-991da707d5a0,2022-01-13,3b8b0212-9389-43f1-87a3-d8d9dab989c9,ca04e74f-b25f-426b-a5a2-1b0dfc7b56f3,90085095.67,USD,purchase,66,Grocery,2024-08-08T11:54:07.793334,paypal,"{""device_id"": ""c769b144-801d-4df2-bd6d-1e1f1939fd91"", ""ip_address"": ""147.79.244.96"", ""geo_location"": {""lat"": 88.0174705, ""lng"": 18.349512}}"
fb30c09e-2051-459e-90b4-d3f5c93dd54f,2008-12-03,083de27b-8e1b-4b56-90a6-8719d09ce004,33a28333-1f88-478c-97ef-410431cad4d0,81223878.45,USD,refund,61,Travel,2024-08-18T07:36:00.973531,credit_card,"{""device_id"": ""479132d1-0077-4529-be9f-56219beae7be"", ""ip_address"": ""211.92.61.156"", ""geo_location"": {""lat"": -63.3056855, ""lng"": -116.205458}}"
52e9e754-bf6d-4d6d-b771-ddfba621b865,1979-06-10,ec99eb58-98a9-4951-a98f-54793be33963,537fe0e4-c917-44da-80a5-87be9993d80f,8910266.91,USD,refund,6,Clothing,2024-04-04T15:29:00.515989,debit_card,"{""device_id"": ""5f0bd670-06d8-414a-bf30-03b81db9369a"", ""ip_address"": ""18.136.111.197"", ""geo_location"": {""lat"": -50.8346285, ""lng"": -123.411063}}"
5bbbb4b2-8795-445d-9692-8dfdc95ffb82,1992-01-01,158a749e-eb37-4a3f-8794-cf7453c24226,a1fc2eff-7c0e-437b-9b0f-afaa3ba12caa,53024253.86,USD,deposit,96,Entertainment,2024-12-22T12:48:34.139045,bank_transfer,"{""device_id"": ""18e2cdb8-b604-4f52-b8ce-21dcbed65541"", ""ip_address"": ""82.25.102.197"", ""geo_location"": {""lat"": -87.5967605, ""lng"": -121.925872}}"
d20b6722-2d67-412e-80b2-ae0b52b329c0,1982-05-29,e1c156ef-8e95-4449-be21-ed8d4d71ffbb,af2f9c25-ba6c-4c21-be55-36faea0906ff,76893037.32,USD,deposit,75,Entertainment,2024-06-25T10:42:57.548787,paypal,"{""device_id"": ""a547155c-1a11-4531-ab8c-9c6df94d8dac"", ""ip_address"": ""209.166.29.151"", ""geo_location"": {""lat"": -5.319898, ""lng"": -1.445605}}"
87772af2-4116-409b-a795-3cb6015c2f69,1990-08-23,05b70f12-7607-47cb-9ee1-25de635bb9c8,460674a5-b3f3-4ef4-91bb-4b9d61295584,35105900.94,USD,deposit,73,Entertainment,2024-04-01T19:44:07.901359,bank_transfer,"{""device_id"": ""c3de3de7-daf0-45f4-aad4-3b0de2c4de45"", ""ip_address"": ""201.30.143.115"", ""geo_location"": {""lat"": -27.186875, ""lng"": 69.885247}}"
08c91913-fd1d-44e9-a65f-be07c81c6222,2016-05-09,ad72e8a8-fe0a-40ae-9fe5-6a9ead255090,dfc1e725-7da5-4c06-9c1a-808e6896e853,17509264.64,USD,withdrawal,23,Travel,2025-02-27T03:45:44.785100,credit_card,"{""device_id"": ""a58ecd38-dda2-4da4-ac04-cae727e2dca1"", ""ip_address"": ""31.149.182.170"", ""geo_location"": {""lat"": -42.7991445, ""lng"": -109.803037}}"
aaf38bc2-241d-40fa-97cb-bee1ad924c5a,1990-06-29,41764d0a-72a7-4643-b5a2-9956f94cc69a,1afbe10d-f53b-41e8-92f2-b42cc4cdf521,98951429.25,USD,refund,30,Automotive,2024-08-19T17:54:40.116496,debit_card,"{""device_id"": ""5ee7e258-3ab0-4017-9f54-acb1089bb716"", ""ip_address"": ""97.150.236.212"", ""geo_location"": {""lat"": -35.2821245, ""lng"": 17.226159}}"
4c03596b-9baa-4e0b-ad18-f9ec2b93ab72,2017-04-29,aa38aee7-82bd-481c-a338-fcc426ae3716,4e3790d9-019d-4edd-9f7c-afcec90efe37,18084969.79,USD,deposit,28,Electronics,2024-06-04T20:19:09.691030,paypal,"{""device_id"": ""a2580929-89b9-4081-8691-0038335c7039"", ""ip_address"": ""62.103.198.44"", ""geo_location"": {""lat"": 66.998396, ""lng"": 131.812144}}"
86d53b6e-4719-4ab4-b04a-47fe042a11c8,1996-03-08,123e96b7-d967-4a9a-b2bb-e5c1b2fbcc60,15e26478-bf68-4926-b74b-4518e841a8bb,91902698.51,USD,purchase,4,Travel,2024-10-13T01:12:16.430634,bank_transfer,"{""device_id"": ""e8492e6f-2dc7-4871-834a-7fc3e67b8e37"", ""ip_address"": ""149.74.66.191"", ""geo_location"": {""lat"": 53.050606, ""lng"": -37.393866}}"
5c1df3e2-87db-47f7-b5ac-1edbd0dd992f,1989-02-05,fcaa1d9a-1487-4cb6-99f1-fee75a01a660,49c85487-d529-4e45-9266-f1fb4db4edbc,6724720.3,USD,purchase,42,Entertainment,2024-11-14T20:33:30.283684,bank_transfer,"{""device_id"": ""303b4f03-7dad-4372-90df-eda2b533b930"", ""ip_address"": ""67.52.49.164"", ""geo_location"": {""lat"": 0.981835, ""lng"": 52.512885}}"
ebf88fc0-8b76-40ba-a2e0-7d02f16d0766,1977-03-07,42140d75-30d7-4f30-84c8-bf1375126869,3ccb0914-8f1c-4324-b33f-26d73677d400,45973205.15,USD,purchase,21,Clothing,2025-03-01T01:49:59.505204,bank_transfer,"{""device_id"": ""fcf49cec-743a-4a5e-8bc9-947ecb8d1b28"", ""ip_address"": ""2.221.73.36"", ""geo_location"": {""lat"": 27.82283, ""lng"": -122.023671}}"
c73951a4-faec-470c-88ef-1b0f0d06bf95,2017-10-31,140de704-9408-462c-866c-491824a95373,a06628d7-e8c2-4dbb-8798-29827d181fe7,51456743.56,USD,deposit,55,Health,2024-12-26T11:53:56.007118,credit_card,"{""device_id"": ""2725340f-505b-4a59-99f5-037233814ea5"", ""ip_address"": ""33.244.157.203"", ""geo_location"": {""lat"": -84.6203075, ""lng"": 116.805973}}"
c9037bcf-ee48-453a-a824-6953bd50127d,2023-04-15,3f2a5e8f-3016-4965-b059-e3d72fa95a14,28469949-6ecf-4123-a732-06e592a175bb,97416579.93,USD,refund,60,Automotive,2024-04-25T10:37:04.906954,debit_card,"{""device_id"": ""b7c138bd-5071-4ef4-b2a9-e9373c5b491a"", ""ip_address"": ""56.36.12.38"", ""geo_location"": {""lat"": 1.4654465, ""lng"": -46.813347}}"
aece094e-b2db-4874-8618-1d43b04c6240,2015-12-09,a65322d5-4b7b-4689-8470-3f1b4a75a688,419e0169-743f-4766-9ac1-d79c3a7c1c30,86098711.35,USD,withdrawal,42,Electronics,2024-07-11T21:38:32.374337,debit_card,"{""device_id"": ""7c6c1932-25ec-4b5d-be56-fcaa05dbc024"", ""ip_address"": ""55.120.186.10"", ""geo_location"": {""lat"": -50.2342965, ""lng"": 63.451661}}"
afb91b29-63cc-491e-9d67-25a208646bd5,2017-02-21,a6479b96-3fb0-4af1-b3eb-fee175d94b4b,da6b1943-4153-4ae5-9d80-eee558e7f583,96784429.67,USD,refund,20,Travel,2024-06-02T10:37:22.965114,credit_card,"{""device_id"": ""fbc8e1cf-bd99-4b6d-8038-2e5da9f982e0"", ""ip_address"": ""172.4.72.202"", ""geo_location"": {""lat"": -20.0867015, ""lng"": -94.751101}}"
e8a3e56a-1dca-4ea9-8d66-5ddb07e006f6,1980-07-12,4124490a-a1f4-4331-afb5-804a3b17096c,61d4f1f7-aa62-4951-8af3-81bf1e9f14eb,45609823.14,USD,withdrawal,73,Electronics,2024-11-10T19:21:47.052128,credit_card,"{""device_id"": ""02f5a63c-0aeb-4434-b9b2-ae83030097a0"", ""ip_address"": ""180.195.133.254"", ""geo_location"": {""lat"": 31.441469, ""lng"": 42.814815}}"
4ab121c1-1eb1-4bb9-bacc-8536a7327f12,1987-07-07,1fac2ef4-c8ff-49ba-a9a1-a90c90a38c5d,db3e5fa0-a460-4a41-be8c-485211b7770a,97404026.19,USD,purchase,44,Health,2024-07-19T07:57:24.523138,bank_transfer,"{""device_id"": ""98047df6-3f79-467d-a894-93438d9feb1e"", ""ip_address"": ""119.117.243.204"", ""geo_location"": {""lat"": -49.3840485, ""lng"": -37.990458}}"
90dde223-2de2-4bfa-899c-0f73db1aaee5,1978-12-13,2a47efde-b222-414a-8212-44bf70957dd0,865b9675-39b2-43b5-af22-46e46d3858e8,14947217.1,USD,purchase,99,Grocery,2024-03-29T04:54:47.747121,credit_card,"{""device_id"": ""ab0dc01c-fb34-4fdc-94fc-77da6ecc3c3d"", ""ip_address"": ""194.0.250.46"", ""geo_location"": {""lat"": 44.3700145, ""lng"": 2.5312}}"
c56d7049-6a1a-425e-877f-5ab47b600b13,1993-08-01,f1343399-a74e-4431-9b76-54c5820505c6,dadad49f-d9d5-49ac-a258-6c3895037887,1432778.85,USD,refund,22,Electronics,2024-08-15T04:04:15.545943,paypal,"{""device_id"": ""c17194d4-ae49-442d-bc13-b1b0bed3834a"", ""ip_address"": ""101.176.176.164"", ""geo_location"": {""lat"": -61.671916, ""lng"": 142.0361}}"
ac229e48-a732-4660-8c05-612a82febe7b,1999-01-16,095fc1cd-5dff-4924-a31c-b459a17dbdd6,b46ccc78-91d2-49c9-a093-e395ca070f1f,30739506.99,USD,purchase,100,Travel,2024-09-29T08:59:27.078231,bank_transfer,"{""device_id"": ""23516b7c-5d0d-47d9-8f93-aa9df4ccffba"", ""ip_address"": ""214.253.103.15"", ""geo_location"": {""lat"": 64.232748, ""lng"": -48.535503}}"
1fa82e38-a91e-407a-a59e-08e05551172f,1970-11-17,4ef265ad-28f2-4b47-b477-121125f32733,bb6e1cc7-c209-4d94-b5c3-b850848cdeb2,69758129.69,USD,withdrawal,55,Restaurant,2024-08-17T23:00:12.507284,credit_card,"{""device_id"": ""2567e22b-e053-436f-8c47-c20c330c01b6"", ""ip_address"": ""62.245.252.55"", ""geo_location"": {""lat"": 12.976621, ""lng"": -39.567879}}"
dfbeeed6-d666-4272-85e8-80cfd1e7de81,1984-12-05,6d11556e-0443-4e58-b2c7-5ad178560bc9,d5069af1-3c24-4ec1-87ba-89011d541f9f,93787503.94,USD,purchase,48,Automotive,2024-09-07T00:59:42.973257,bank_transfer,"{""device_id"": ""9ed7705a-c4bb-4402-985b-d259bc76aaa8"", ""ip_address"": ""212.31.89.73"", ""geo_location"": {""lat"": 18.946887, ""lng"": 9.4616}}"
fcd97504-4b53-4ccd-9a86-125f60d3fd0b,2008-10-19,78609317-8994-4391-abdd-57ea4e4c88cb,8689764e-bdc3-4227-bf14-bed703181bfa,87860497.1,USD,purchase,43,Electronics,2024-04-29T10:35:19.113769,debit_card,"{""device_id"": ""9b4d2986-a794-47fe-9d9b-f14c4b170e00"", ""ip_address"": ""108.26.36.235"", ""geo_location"": {""lat"": 63.9238485, ""lng"": -94.947123}}"
7dd5ef3d-cff0-4149-8961-f577e55a2c0e,1973-03-07,96f961e5-5db5-4458-b41e-3d8718d56a54,f9d835b4-c43f-465c-b86f-7bf9b8fac432,50567988.53,USD,purchase,61,Automotive,2025-01-26T15:58:53.623532,credit_card,"{""device_id"": ""7f6162d3-e871-402d-b64b-d0c955355a94"", ""ip_address"": ""104.86.195.109"", ""geo_location"": {""lat"": 76.0015715, ""lng"": 59.786438}}"
2d897902-353b-4e13-aa99-0b2d6531bd90,2010-01-22,3afa31ac-a2c6-4329-a487-a8ef30309afe,15189736-58c0-481b-b11b-97d9e49e7b2a,459947.36,USD,deposit,95,Travel,2024-06-23T14:02:46.037458,debit_card,"{""device_id"": ""891bb4d8-1039-4343-9497-2a2c06544bdf"", ""ip_address"": ""55.66.139.52"", ""geo_location"": {""lat"": -40.6048695, ""lng"": -48.953946}}"
33875e1f-614b-4a77-b648-040e7c9f035f,2011-04-06,07e1b7de-2843-4ae7-a90d-dc3ac0cfb299,2854e5eb-b4b8-42f2-bae2-1b0e473b5b45,59667532.14,USD,deposit,34,Travel,2024-10-12T21:09:26.549047,credit_card,"{""device_id"": ""b80ab21b-3e7e-478a-939e-b62fbdfc3941"", ""ip_address"": ""20.34.213.160"", ""geo_location"": {""lat"": -58.074873, ""lng"": -167.664288}}"
7914e342-cbe3-4507-a181-307571709dd4,1978-02-14,1f87eee5-578c-423a-b74d-9f0c7938e544,b80bc82b-9a34-42f9-a5be-434b282c84d1,338880.76,USD,purchase,76,Health,2024-10-18T01:54:28.762400,debit_card,"{""device_id"": ""fc6c0825-435a-4efb-bfb5-64ed18f607a9"", ""ip_address"": ""80.248.217.69"", ""geo_location"": {""lat"": 74.8020955, ""lng"": 13.408281}}"
f21c2284-85b4-4969-bb1b-65f2dc183c9d,2020-08-02,617af586-913a-4d96-a379-c73a231064ff,dfbdcfaf-8a24-496c-b499-4d246dfa7ec3,12687022.35,USD,deposit,52,Electronics,2024-10-27T02:15:33.525680,bank_transfer,"{""device_id"": ""b26fc9d8-d955-4356-b37b-537f5a440bc2"", ""ip_address"": ""113.239.227.86"", ""geo_location"": {""lat"": -61.6131635, ""lng"": -25.578517}}"
eb785bff-b5a4-49bc-9d4d-3594f65a4d1a,2009-07-16,2a43d7d8-dc75-4f2f-9cbf-2b477e614aba,e780826a-70a9-4678-90a2-b305fa973e8a,54957533.58,USD,refund,64,Grocery,2025-03-02T19:52:04.021157,credit_card,"{""device_id"": ""8117e84a-2f6d-4b31-85a8-9f5ebb486ad4"", ""ip_address"": ""42.139.221.58"", ""geo_location"": {""lat"": -21.8610245, ""lng"": 176.016341}}"
02cdca6f-7166-49b8-b591-459dd7bf1a1f,2008-01-24,97f85e63-e9df-4d04-b29b-fcc778ce77e2,69b9f81a-49a5-4840-a136-f922f1d9c757,41546108.62,USD,deposit,55,Automotive,2024-04-05T12:37:12.486074,debit_card,"{""device_id"": ""2283211d-cb4f-4aad-959e-d18b6bf47743"", ""ip_address"": ""210.205.109.177"", ""geo_location"": {""lat"": 23.9888615, ""lng"": -118.387217}}"
553d933b-0b70-4951-a7bc-fb30ea17b100,2005-06-25,ff439cfa-5208-4563-9427-55055d8e154f,a5f87c6b-f9f2-40f9-933d-c21d34f58ee3,26124047.29,USD,refund,65,Restaurant,2024-10-02T15:41:48.914191,credit_card,"{""device_id"": ""5c7533ec-207e-4d01-acfb-4c9fe713ad81"", ""ip_address"": ""67.201.109.196"", ""geo_location"": {""lat"": 19.578819, ""lng"": -4.026094}}"
00236682-1290-4703-9d2b-4d84c2ea8526,1986-05-30,771755b1-a638-4b04-b2e4-db4ae7afc1f8,a7b94f63-1780-4967-a2ff-7a55e0a7aad3,54357152.0,USD,purchase,77,Health,2025-01-20T18:55:57.120004,bank_transfer,"{""device_id"": ""d8dbdfc1-d05f-4b5a-b623-a494ea104b38"", ""ip_address"": ""107.85.85.148"", ""geo_location"": {""lat"": -71.800648, ""lng"": 16.679483}}"
7a037880-a3f2-4ded-84d9-5dcf3a8a83cb,1995-10-12,6aa7c2fd-99bd-4797-bfed-4fc869efde33,be14e3b9-714d-48bc-8876-bc4c807f814f,4082004.98,USD,purchase,61,Clothing,2024-03-16T01:10:44.859029,credit_card,"{""device_id"": ""6c94a679-c1cc-44e5-8dbc-8e666267aa14"", ""ip_address"": ""17.136.38.191"", ""geo_location"": {""lat"": -81.724201, ""lng"": 17.561139}}"
aae7146e-cc7a-4345-821c-8a5f4e6c23de,2012-11-20,1bec08f1-cf34-4c85-98a9-2a53f766ecbc,16d03ab8-4485-40ac-a648-24200435d11b,77854370.95,USD,purchase,21,Travel,2024-12-28T07:16:36.972179,bank_transfer,"{""device_id"": ""bd85eec5-21bb-4263-8394-83498dedb28e"", ""ip_address"": ""151.3.139.226"", ""geo_location"": {""lat"": -83.1531825, ""lng"": 101.541765}}"
5e9ecce3-12d9-4a52-b7f7-c57c46b297a9,2007-07-30,e737d2c4-07f0-4fe9-8f73-d4c0098eb330,bc5a1840-0bda-4ae6-810c-ea26abd50eef,51730927.11,USD,deposit,23,Health,2024-10-07T23:32:21.276342,debit_card,"{""device_id"": ""a013bf0e-d987-452b-a1ae-e14b237de77e"", ""ip_address"": ""144.124.94.211"", ""geo_location"": {""lat"": 18.190101, ""lng"": 179.51407}}"
1c8cbd52-023d-4873-a2d0-a0ff1602219c,2019-03-18,d7b59974-482f-43c9-ab85-314ddfaf016e,400e1b73-1b39-459d-be60-509c30f00012,5888965.54,USD,withdrawal,61,Clothing,2024-10-14T10:41:25.230033,bank_transfer,"{""device_id"": ""0fc2d7ac-d339-4cda-a516-bb91091a41db"", ""ip_address"": ""125.4.43.99"", ""geo_location"": {""lat"": -25.2998805, ""lng"": 143.759582}}"
c72688fe-8cf1-4e0f-9df4-9c8a47f18aa2,2009-03-02,ecb4de61-6e2d-4e06-b37e-3e12f9ab6f82,dd1fc380-da69-468d-9ef3-46199ddade1d,55580416.93,USD,purchase,15,Health,2024-05-03T00:24:23.985733,paypal,"{""device_id"": ""de7fce8f-40d7-4500-88c1-b9a3773b5088"", ""ip_address"": ""219.17.69.195"", ""geo_location"": {""lat"": 12.1928825, ""lng"": -4.294642}}"
76af8beb-9b2c-47f1-b36c-b27dfb540c86,2005-12-10,1986c58f-1827-4f56-8699-d69f75cfb0bc,21a2ef1c-067d-4732-941f-48612f4a067c,20124112.66,USD,refund,93,Clothing,2025-02-17T14:05:05.788763,debit_card,"{""device_id"": ""306956d0-7aee-4a84-91ca-9c79d13cc735"", ""ip_address"": ""199.236.84.112"", ""geo_location"": {""lat"": -60.9960485, ""lng"": 11.916834}}"
b02821cb-1b30-4581-a103-222e731f1054,2008-12-04,3cd6f309-3242-41f7-a487-bbe8cf36f8f1,334aca2c-e9f9-4d51-a623-4c74ed98d9c4,78222939.38,USD,deposit,100,Health,2024-04-03T12:24:22.090023,credit_card,"{""device_id"": ""921721e3-ed05-4668-aa45-620668c6d2e3"", ""ip_address"": ""215.195.13.217"", ""geo_location"": {""lat"": 34.3003245, ""lng"": 72.964955}}"
014d29ca-0edb-4d25-a91c-671cab325927,1972-09-04,0e5b2b0e-6da9-4830-b34d-e64f771cdb74,2e2a2d79-c105-4a84-a798-e6f9152dd967,15381856.24,USD,purchase,49,Entertainment,2025-03-02T20:57:15.122236,debit_card,"{""device_id"": ""8fdf0dea-92dc-479c-89c1-c5e86e1f3bab"", ""ip_address"": ""166.192.113.74"", ""geo_location"": {""lat"": -57.0459465, ""lng"": 141.888497}}"
30b2ea27-adee-4b20-a12d-583836d246ad,2017-02-02,762a5f84-020c-47ca-9359-0124b9af83cb,3944d7aa-bab7-4caf-85f5-a6d8a1024188,91797123.26,USD,deposit,88,Automotive,2024-04-17T07:51:44.924788,credit_card,"{""device_id"": ""cd9c2aae-6973-478f-a1a5-7a43bb20eca5"", ""ip_address"": ""120.13.44.44"", ""geo_location"": {""lat"": 53.9548015, ""lng"": 125.730299}}"
92638a54-92ec-4b4a-97a9-16f68264a273,2011-04-24,01a0b717-0ebc-4224-9e14-d98c09f22e98,78ea9159-3992-4f78-b48d-264d8b4a83e9,47267224.31,USD,refund,76,Entertainment,2024-11-29T00:02:52.818818,credit_card,"{""device_id"": ""65fe29f7-cf6b-4d5a-9bfd-845d646004d1"", ""ip_address"": ""159.91.38.0"", ""geo_location"": {""lat"": -31.806941, ""lng"": -171.399837}}"
b6b58431-319a-46b4-ad45-242d98aa42e8,2022-03-08,52baf284-b9a1-440c-96e6-e86897f5dc5f,e214e100-f5f0-48f8-9dd2-5658a75fd987,47323240.97,USD,purchase,31,Restaurant,2024-07-02T15:34:23.401447,credit_card,"{""device_id"": ""fbde5235-5dcc-43ad-9cf7-229c94ae19a1"", ""ip_address"": ""47.81.179.40"", ""geo_location"": {""lat"": 70.140101, ""lng"": 148.17637}}"
790b5567-ae46-40b4-9166-d613717dd1ba,2011-02-02,7c09cff1-cf4d-45a3-a482-bd4b4bc97613,4d8c6811-56f4-44ad-b1c8-5404f2e5e36b,9714159.99,USD,withdrawal,61,Automotive,2025-03-11T03:25:21.002770,bank_transfer,"{""device_id"": ""6945fa1d-7bf2-4113-817f-70c788462fdc"", ""ip_address"": ""63.231.200.31"", ""geo_location"": {""lat"": -38.1307995, ""lng"": 14.352219}}"
bfa1d9c0-42cd-4e3b-9488-7be576183a58,1991-08-05,eaf8c336-a001-4bd1-8891-3a431aad1cd0,e8f70b58-8ddc-4efd-b0ff-1b3d03e549d1,75616596.8,USD,withdrawal,8,Entertainment,2024-07-09T11:42:09.975712,debit_card,"{""device_id"": ""86072aeb-37ba-4044-9398-c710277a3f6f"", ""ip_address"": ""138.203.42.14"", ""geo_location"": {""lat"": -26.3762805, ""lng"": 57.549398}}"
135c8907-12ef-43d2-b2c2-18fd27562e30,2019-02-13,6c70bdb2-256b-4e5f-8ee0-41212dec12fc,812f0fc4-4045-4207-bf04-d667a8394009,20441727.9,USD,deposit,67,Clothing,2025-02-06T19:05:00.607789,credit_card,"{""device_id"": ""b7b3f98a-aacd-4523-8cb1-ab76351cd33c"", ""ip_address"": ""44.250.226.241"", ""geo_location"": {""lat"": 33.8101365, ""lng"": -3.158983}}"
b738e9e4-f6f5-4324-8f59-b72c5e2e8c2d,2019-03-07,cd93a66c-9015-4e14-9efe-2ae3b7f2af72,fd7ae7ac-5216-4f48-803f-cffb8547234e,28157967.91,USD,purchase,21,Travel,2024-03-26T17:26:13.877564,bank_transfer,"{""device_id"": ""26d44a86-c6ad-45f0-aaeb-e5d511bf1c57"", ""ip_address"": ""90.204.34.154"", ""geo_location"": {""lat"": 13.0522625, ""lng"": -83.740317}}"
d02507dd-7f30-4aaf-a9e1-f7c5663ed58d,2000-10-24,044ef784-2a63-4e4d-8716-136daa62280c,1ba6c02b-3254-421d-aac7-2f2f852149e5,46009360.57,USD,withdrawal,22,Travel,2024-06-09T21:01:36.285797,debit_card,"{""device_id"": ""a1875fc2-5c86-46c4-9814-fb51dbc30afa"", ""ip_address"": ""162.203.96.172"", ""geo_location"": {""lat"": 4.009968, ""lng"": -120.182034}}"
d93974ce-eb09-40bc-becb-d4ff2f31b3ba,1990-02-27,92672a93-2bd6-40dd-a625-c135b3b9177b,a726d479-55cc-42e7-8f25-28d7a282af98,95710964.52,USD,withdrawal,50,Electronics,2025-02-19T06:22:43.428240,credit_card,"{""device_id"": ""b09362de-9d6b-4018-8f87-cb4a785bfee7"", ""ip_address"": ""93.239.244.121"", ""geo_location"": {""lat"": 7.089447, ""lng"": -163.523737}}"
92eee271-846d-4772-b340-b3b2b506a7d2,2020-02-11,09ccc373-a2c2-4012-b56c-2720a805ad85,6f40edff-878d-4fa8-8df9-fcffbee6a07c,59689137.66,USD,refund,68,Automotive,2024-08-22T06:19:07.279797,debit_card,"{""device_id"": ""abac3a27-c41b-48f2-a092-c72e6f45fa03"", ""ip_address"": ""145.28.107.141"", ""geo_location"": {""lat"": 36.4820425, ""lng"": 33.091373}}"
70c9674e-a6c0-4062-8833-4ed4c87fa887,1984-08-20,0615feb3-58ce-4482-92cc-f364d6c6ebc9,e61ea433-d605-4bc1-8a78-cca82c3a09c3,41361011.02,USD,purchase,14,Grocery,2024-10-09T18:57:34.582896,debit_card,"{""device_id"": ""9f55f194-46ae-4d34-8be7-20670b6a9217"", ""ip_address"": ""43.185.209.51"", ""geo_location"": {""lat"": -4.554558, ""lng"": 36.404522}}"
7065fa23-0d67-49dc-b159-b59aed4aa62e,1999-01-28,e4326f8b-227d-4a1a-baa1-423c1cf293e1,060267e1-abef-4d55-869f-8ba9b28fe945,62689220.57,USD,deposit,47,Entertainment,2024-12-22T15:58:03.553543,debit_card,"{""device_id"": ""71d68d64-d6f4-4a8c-a718-f7b3f3bf1d1f"", ""ip_address"": ""63.52.189.118"", ""geo_location"": {""lat"": 45.182092, ""lng"": 149.157444}}"
671ad03b-eeaa-43af-9112-6f6c505eb240,2004-08-24,72a6e943-0c46-4034-9e91-39dc9a2ceb42,c60b2d27-bc21-4d55-9180-f32100c754ce,28233588.78,USD,withdrawal,45,Clothing,2024-06-05T11:52:14.061073,debit_card,"{""device_id"": ""5412824a-a325-4ed1-a73c-5b98b2045e53"", ""ip_address"": ""125.13.46.202"", ""geo_location"": {""lat"": -24.7164115, ""lng"": 67.90271}}"
39674547-6a7e-4404-9c5e-61301253fded,1996-02-18,79638488-87b7-4385-8058-fcc3979702f5,07f27fd6-109a-47df-aa59-44367b70ffc1,97373662.83,USD,withdrawal,81,Electronics,2024-12-27T04:42:39.472406,credit_card,"{""device_id"": ""f1d7f290-3619-4a57-aed0-5f8b3592d966"", ""ip_address"": ""97.115.189.144"", ""geo_location"": {""lat"": 32.74356, ""lng"": -49.235348}}"
5bcbdfb1-d931-432d-ae8f-b1645282ed14,2002-09-24,7c5a6604-9928-4899-bbb3-19a7caeb1131,f2c94059-11e7-4418-8876-d971c96a0cfb,3602444.09,USD,deposit,11,Health,2024-10-19T21:47:30.682557,credit_card,"{""device_id"": ""188f94ad-ab21-407e-8df7-cfdf922c5096"", ""ip_address"": ""188.157.47.109"", ""geo_location"": {""lat"": -21.3073575, ""lng"": -83.60882}}"
6ba3fab6-0eb1-4d1a-a1fa-6685aa51e4c5,1997-03-02,099d4fde-4d27-4184-b141-f743d2363cdb,06f18b9b-bd3e-4dbd-8294-89937b7d88ba,96202056.92,USD,purchase,23,Health,2024-04-26T11:13:45.442364,paypal,"{""device_id"": ""2f8ab5fe-de43-4b5e-9d51-4012240f0801"", ""ip_address"": ""106.88.249.38"", ""geo_location"": {""lat"": 8.4461315, ""lng"": -30.293062}}"
d1dfa054-239f-4c7a-83dc-a3cdc37f4a02,1984-07-06,534a4ce2-6536-46d9-b6e6-3908000b7694,c9ae3a4a-2b64-47d7-9a8f-316b7959e8dc,13685039.55,USD,withdrawal,24,Automotive,2024-06-03T06:28:50.048904,bank_transfer,"{""device_id"": ""ba8e072e-630e-43d1-8038-0adb29f14279"", ""ip_address"": ""29.166.168.91"", ""geo_location"": {""lat"": -10.337645, ""lng"": -108.556966}}"
93a638a9-8a7e-488c-a062-5a0ac92dc7c5,2015-06-06,e7467bbd-5c26-4d28-ae45-251476594fd9,3ee5fcad-52bc-46b5-a865-867d4ab09d76,43943498.98,USD,withdrawal,81,Automotive,2025-03-07T09:03:40.190555,debit_card,"{""device_id"": ""61fc4e12-a820-448f-86bf-6ea18b8796a0"", ""ip_address"": ""145.143.251.224"", ""geo_location"": {""lat"": -30.681243, ""lng"": -104.607177}}"
02a9f4db-f483-4cfb-8826-ec729d986ad7,2003-09-19,667075c9-e7fd-4024-a3f5-85db3c12d49e,d595c6f6-8e0c-45e6-b70f-dfccf5b434b6,32142877.3,USD,purchase,97,Grocery,2024-05-19T20:37:05.548912,bank_transfer,"{""device_id"": ""7695f6cd-595b-4bae-a367-7d1c9aee21c2"", ""ip_address"": ""60.223.241.114"", ""geo_location"": {""lat"": -82.105754, ""lng"": 54.552146}}"
cbd141b5-c2e9-4093-b9b6-2605e59a3137,2016-01-14,e6adc0fe-c4ba-46db-b0cf-18a00c5e3f44,1d5dae5a-200a-4858-b745-0d48838c110c,1807807.05,USD,purchase,21,Travel,2024-08-21T18:30:44.688242,paypal,"{""device_id"": ""d7c5b30d-c817-4102-9af6-73164bec8292"", ""ip_address"": ""108.62.250.50"", ""geo_location"": {""lat"": 50.503996, ""lng"": -142.236661}}"
fca3d9f5-c1a3-42fe-a50a-469f135a2a5e,1999-01-31,4f2ff641-8862-4777-8b0e-2c6d209bd010,3572c6d2-2045-4253-9c45-ef7d2285ad58,31817331.26,USD,purchase,48,Entertainment,2024-07-12T03:40:25.023673,bank_transfer,"{""device_id"": ""427d8f19-00fa-4454-9461-58a9212b61a7"", ""ip_address"": ""102.140.116.130"", ""geo_location"": {""lat"": -0.3502255, ""lng"": -20.426154}}"
c17b3f76-76ff-4524-880b-37cc8a8133e4,1988-06-30,4fc9e0fc-698a-4392-8dc8-1197f5a3b604,5e21e96d-067d-472b-bef9-c4ebc1eee352,74863075.35,USD,withdrawal,90,Entertainment,2024-08-01T10:03:27.298534,credit_card,"{""device_id"": ""f68ec427-fb38-4382-b8a5-80f4908f3734"", ""ip_address"": ""35.66.37.176"", ""geo_location"": {""lat"": -32.8008055, ""lng"": -28.589995}}"
50a2ab58-4641-42cb-9d82-942b826230ba,1989-03-16,a9c445cf-7253-488f-9cfa-c5142f90d048,b8ba20f8-5117-4d54-9395-ea5a766307a2,65851497.56,USD,purchase,13,Travel,2024-11-11T19:42:22.483947,credit_card,"{""device_id"": ""6c0c5ab5-8cf3-4e7b-a1c0-33c9edc6b082"", ""ip_address"": ""219.77.162.161"", ""geo_location"": {""lat"": -68.1434175, ""lng"": 165.295762}}"
262c6230-a2bb-4c1c-9b11-474a820415dd,1984-09-09,49c15467-4b12-4ae6-b6f2-9eae5d22fb40,9860e4ee-e76d-4401-83dd-d003d758d76f,29429570.44,USD,refund,86,Travel,2024-05-21T18:43:18.783642,paypal,"{""device_id"": ""7cd6a556-868f-45f2-a264-ec1f44b52dc3"", ""ip_address"": ""193.38.161.219"", ""geo_location"": {""lat"": 35.689291, ""lng"": 172.317924}}"
abe8eb35-1740-4649-99c3-371223e74f05,2001-10-27,d4a9da19-20ee-42f1-8a21-1fb2f7250c70,c3984b71-a530-49ca-87ef-bef98180002d,49318528.75,USD,refund,5,Automotive,2024-04-20T10:50:18.743183,debit_card,"{""device_id"": ""76956e6f-a9ee-4030-aeed-70ef9930975c"", ""ip_address"": ""201.7.128.93"", ""geo_location"": {""lat"": 76.0217965, ""lng"": 74.444872}}"
eeae7a58-3d94-4fbd-b4fa-b3c45e7994e7,1992-02-03,9eb3794b-e7de-4c88-872a-7becf9ddb9b8,f2a5946a-1cc7-4151-8728-02ddf8154d45,83564112.5,USD,refund,15,Travel,2024-10-01T17:17:17.304653,debit_card,"{""device_id"": ""58e914b6-cb21-4fd9-9465-3d67c3ec2dc2"", ""ip_address"": ""218.141.56.104"", ""geo_location"": {""lat"": -86.5924625, ""lng"": 57.906546}}"
2f09efaf-3db7-4ac1-b995-4502f340283b,2000-08-12,adbef25e-e0dc-44ef-a845-2c5b77f47ba3,cd9bad9e-d679-4cab-b70a-54a3c723196e,99949002.14,USD,withdrawal,65,Travel,2024-08-29T03:52:41.615823,credit_card,"{""device_id"": ""bb62dae1-347d-49e3-b968-715e3742dc7b"", ""ip_address"": ""10.121.92.100"", ""geo_location"": {""lat"": 69.5467145, ""lng"": 124.718768}}"
1d7c597c-91ec-415d-b524-7c5f21cd679d,1981-03-11,da38447a-3e6d-4bed-bba4-3c126b28d444,94a3c6b5-b5ef-4c74-97f2-feb60735bea2,8912974.72,USD,refund,0,Clothing,2024-07-03T13:16:36.389677,credit_card,"{""device_id"": ""801f9657-91f0-4b50-b644-9e6d83ce9883"", ""ip_address"": ""98.177.245.53"", ""geo_location"": {""lat"": -19.9925185, ""lng"": 26.257716}}"
9bde6624-0c4f-482b-9d9b-b53eb62416f9,1992-07-17,ebd0f52c-63cc-4159-92e8-e9518e2df535,a29d0ec1-8bb4-4a84-980f-e3af3856ce32,16836178.83,USD,purchase,59,Grocery,2024-08-29T08:02:02.974131,bank_transfer,"{""device_id"": ""c2651ab8-5740-4195-98b3-e363d310c390"", ""ip_address"": ""192.167.31.168"", ""geo_location"": {""lat"": -86.11189, ""lng"": -167.713009}}"
14669acd-570a-4e68-849a-4b89a3209063,2014-01-03,2a065d7f-5b7a-4207-ac38-2c8a1d69bc83,42405ea0-cebc-43d4-8598-17a34de7f8d1,19807348.16,USD,withdrawal,42,Restaurant,2024-03-25T16:05:56.974328,paypal,"{""device_id"": ""643ffca2-5948-436a-a713-422fc0dd9281"", ""ip_address"": ""135.195.195.124"", ""geo_location"": {""lat"": -43.4218795, ""lng"": 29.174657}}"
4e5a8f2c-2d06-46a7-97a0-1ab143a8b6bd,1970-05-24,196602f2-897f-4282-8921-28a1d95591e7,d04a27fc-acd0-4874-8665-a516af45a539,45276633.05,USD,refund,79,Restaurant,2024-09-16T23:03:55.473289,bank_transfer,"{""device_id"": ""afd2bb55-ff83-4f7a-a2f7-e37e93c27e3f"", ""ip_address"": ""130.187.214.223"", ""geo_location"": {""lat"": 63.6482155, ""lng"": -77.759349}}"
0af35d14-b9f6-4c61-9e29-66fba5bf6f12,1984-09-30,79d0d10a-5120-450a-8d13-151d813b7317,b33f97a7-0374-4220-a44d-8a53f66d2b49,33884771.4,USD,refund,50,Grocery,2024-08-27T20:59:22.948213,bank_transfer,"{""device_id"": ""85f18913-9974-4f0c-aa1e-21fa6940e259"", ""ip_address"": ""7.91.65.93"", ""geo_location"": {""lat"": 35.4435305, ""lng"": 155.4842}}"
6dbc5acc-efdc-4e5a-9400-6b276bc8ef88,2015-07-23,e37bfb02-c5e3-4393-b706-66e3b43a80ef,2dde33ff-039e-4b1e-bc80-e1a2eadd4a57,56417445.72,USD,deposit,26,Travel,2024-10-03T20:04:39.475370,paypal,"{""device_id"": ""c013fc85-ee74-4418-9300-3b407321eaab"", ""ip_address"": ""39.2.13.235"", ""geo_location"": {""lat"": 77.6195525, ""lng"": 87.689627}}"
8310ad76-eccb-4e01-9c70-46680969b30b,2024-12-11,c502c06b-059d-452f-99aa-ac205c794357,90787d1f-53fe-4c63-b26f-ad3b0db79604,3808082.47,USD,withdrawal,61,Health,2024-11-11T23:57:10.412619,bank_transfer,"{""device_id"": ""48d8848e-b994-4c61-a2eb-ff967509e6b9"", ""ip_address"": ""97.53.63.206"", ""geo_location"": {""lat"": -16.417668, ""lng"": 28.837789}}"
e79a1405-6590-41c6-955b-29dcd538f79b,2022-03-11,f387182b-7e63-4e5d-beed-d5452f8cec88,f806a13f-5bc9-4a0b-b0fc-ef1c4103622c,14935709.55,USD,purchase,75,Clothing,2025-01-29T04:31:12.573151,credit_card,"{""device_id"": ""9605dd24-decd-49a7-94cf-d39a261bb5ca"", ""ip_address"": ""170.18.96.221"", ""geo_location"": {""lat"": -49.226935, ""lng"": 46.283196}}"
6b141054-74b7-4ffa-835f-8820a9f3e59a,2006-09-21,6d7d3052-ce86-40b5-b40a-0e4628e17d85,2730e616-30d7-43d5-82a4-058a220dbe54,99252959.9,USD,deposit,42,Entertainment,2025-02-05T03:08:36.219722,debit_card,"{""device_id"": ""f327eb6b-cb1f-4989-97b9-5a9fdd1973a3"", ""ip_address"": ""27.233.233.111"", ""geo_location"": {""lat"": -24.778253, ""lng"": 53.724987}}"
5e66b274-8dad-4dff-84ab-58c26b543e4b,1993-10-29,d7b4e17d-c6f2-40ed-ab2a-89f1d6b6af7d,5704fe0c-5431-4a23-8d22-95f3b95140bc,17919260.84,USD,deposit,53,Entertainment,2024-11-24T03:44:00.641568,bank_transfer,"{""device_id"": ""b2b7c048-14f7-4025-ba78-87920e5b6740"", ""ip_address"": ""35.15.120.216"", ""geo_location"": {""lat"": 30.89362, ""lng"": -179.110466}}"
